.dockerignore
.gitattributes
.gitignore
.gitreview
.travis.yml
AUTHORS.txt
CHANGES.rst
COPYING.txt
Dockerfile
Dockerfile.apache
MANIFEST.in
README.rst
manage.py
pylint.conf
run_tests.sh
setup.cfg
setup.py
tox.ini
conf/000-default.conf
conf/karaage.wsgi
conf/karaage3-wsgi.conf
conf/ports.conf
conf/settings.py
docs/conf.py
docs/admin/Makefile
docs/admin/changes.rst
docs/admin/cluster.rst
docs/admin/conf.py
docs/admin/datastores.rst
docs/admin/getting_started.rst
docs/admin/glossary.rst
docs/admin/index.rst
docs/admin/introduction.rst
docs/admin/plugins.rst
docs/admin/ref.rst
docs/admin/tasks.rst
docs/admin/upgrading.rst
docs/admin/datastores/mam.rst
docs/admin/datastores/openldap.rst
docs/admin/datastores/slurm.rst
docs/admin/ref/cmd.rst
docs/admin/ref/settings.rst
docs/admin/ref/cmd/kg-manage.rst
docs/admin/ref/cmd/kg-migrate-south.rst
docs/admin/ref/cmd/kg-set-secret-key.rst
docs/admin/tasks/adding_machines.rst
docs/admin/tasks/adding_people.rst
docs/admin/upgrading/27.rst
docs/admin/upgrading/30.rst
docs/ext/djangodocs.py
docs/programmer/Makefile
docs/programmer/architecture.rst
docs/programmer/conf.py
docs/programmer/contributing.rst
docs/programmer/glossary.rst
docs/programmer/index.rst
docs/programmer/plugins.rst
docs/programmer/prepare.rst
docs/programmer/releasing.rst
docs/programmer/testing.rst
docs/user/Makefile
docs/user/conf.py
docs/user/index.rst
docs/user/introduction.rst
hooks/build
hooks/push
karaage/.gitignore
karaage/__init__.py
karaage/apps.py
karaage/backends.py
karaage/celery.py
karaage/logging.py
karaage/models.py
karaage/signals.py
karaage/tasks.py
karaage/wsgi.py
karaage.egg-info/PKG-INFO
karaage.egg-info/SOURCES.txt
karaage.egg-info/dependency_links.txt
karaage.egg-info/requires.txt
karaage.egg-info/top_level.txt
karaage/common/__init__.py
karaage/common/constants.py
karaage/common/context_processors.py
karaage/common/create_update.py
karaage/common/decorators.py
karaage/common/emails.py
karaage/common/forms.py
karaage/common/models.py
karaage/common/passwords.py
karaage/common/saml.py
karaage/common/simple.py
karaage/common/tables.py
karaage/common/trace.py
karaage/common/views/__init__.py
karaage/common/views/common.py
karaage/common/views/profile.py
karaage/conf/__init__.py
karaage/conf/defaults.py
karaage/conf/process.py
karaage/conf/settings.py
karaage/conf/urls.py
karaage/datastores/__init__.py
karaage/datastores/base.py
karaage/datastores/gold.py
karaage/datastores/ldap.py
karaage/datastores/ldap_schemas.py
karaage/datastores/mam.py
karaage/datastores/slurm.py
karaage/emails/__init__.py
karaage/emails/forms.py
karaage/emails/models.py
karaage/emails/urls.py
karaage/emails/views.py
karaage/fixtures/test_karaage.json
karaage/institutes/__init__.py
karaage/institutes/forms.py
karaage/institutes/management.py
karaage/institutes/managers.py
karaage/institutes/models.py
karaage/institutes/tables.py
karaage/institutes/urls.py
karaage/institutes/views.py
karaage/legacy/__init__.py
karaage/legacy/admin/__init__.py
karaage/legacy/admin/models.py
karaage/legacy/admin/south_migrations/00001_initial_create.py
karaage/legacy/admin/south_migrations/0001_initial.py
karaage/legacy/admin/south_migrations/0002_auto__chg_field_logentry_user.py
karaage/legacy/admin/south_migrations/0003_auto__chg_field_logentry_action_time.py
karaage/legacy/admin/south_migrations/0004_auto__del_logentry.py
karaage/legacy/admin/south_migrations/__init__.py
karaage/legacy/applications/__init__.py
karaage/legacy/applications/models.py
karaage/legacy/applications/south_migrations/0001_initial.py
karaage/legacy/applications/south_migrations/0002_auto__add_field_application_content_type_temp__add_field_application_o.py
karaage/legacy/applications/south_migrations/0003_move_appplicant_to_application.py
karaage/legacy/applications/south_migrations/0004_auto__add_field_application_content_type__add_field_application_object.py
karaage/legacy/applications/south_migrations/0005_move_applicant_fields.py
karaage/legacy/applications/south_migrations/0006_auto__del_field_application_content_type_temp__del_field_application_o.py
karaage/legacy/applications/south_migrations/0007_auto.py
karaage/legacy/applications/south_migrations/0008_auto__add_field_projectapplication_needs_account.py
karaage/legacy/applications/south_migrations/0009_auto__add_unique_applicant_email.py
karaage/legacy/applications/south_migrations/0010_auto__add_field_application__class.py
karaage/legacy/applications/south_migrations/0011_auto__add_field_application_complete_date__add_field_projectapplicatio.py
karaage/legacy/applications/south_migrations/0012_auto__add_field_applicant_saml_id.py
karaage/legacy/applications/south_migrations/0013_auto__add_field_applicant_email_verified.py
karaage/legacy/applications/south_migrations/0014_auto__del_field_applicant_password.py
karaage/legacy/applications/south_migrations/0015_update_applications.py
karaage/legacy/applications/south_migrations/0016_move_applications.py
karaage/legacy/applications/south_migrations/0017_auto__del_userapplication.py
karaage/legacy/applications/south_migrations/0018_auto__add_unique_applicant_saml_id.py
karaage/legacy/applications/south_migrations/0019_auto__add_field_applicant_short_name__add_field_applicant_full_name.py
karaage/legacy/applications/south_migrations/0020_move_names.py
karaage/legacy/applications/south_migrations/0021_auto__del_field_applicant_last_name__del_field_applicant_first_name__c.py
karaage/legacy/applications/south_migrations/0022_auto__add_field_projectapplication_project_tmp.py
karaage/legacy/applications/south_migrations/0023_move_projects.py
karaage/legacy/applications/south_migrations/0024_auto__del_field_projectapplication_project.py
karaage/legacy/applications/south_migrations/0025_auto__del_field_projectapplication_project_tmp__add_field_projectappli.py
karaage/legacy/applications/south_migrations/0026_auto__add_softwarerequest.py
karaage/legacy/applications/south_migrations/0027_move_software_requests.py
karaage/legacy/applications/south_migrations/0028_auto__chg_field_applicant_username.py
karaage/legacy/applications/south_migrations/__init__.py
karaage/legacy/cache/__init__.py
karaage/legacy/cache/models.py
karaage/legacy/cache/south_migrations/0001_initial.py
karaage/legacy/cache/south_migrations/0002_auto__chg_field_projectcache_date__chg_field_institutecache_date__chg_.py
karaage/legacy/cache/south_migrations/0003_auto__chg_field_institutecache_institute__add_field_usercache_machine_.py
karaage/legacy/cache/south_migrations/0004_del_usercache.py
karaage/legacy/cache/south_migrations/0005_rename_fields.py
karaage/legacy/cache/south_migrations/0006_rename_usercache_to_personcache.py
karaage/legacy/cache/south_migrations/0007_auto__add_field_projectcache_project_tmp__add_field_personcache_projec.py
karaage/legacy/cache/south_migrations/0008_move_projects.py
karaage/legacy/cache/south_migrations/0009_auto__del_field_projectcache_project__chg_field_projectcache_project_t.py
karaage/legacy/cache/south_migrations/0010_auto__del_field_projectcache_project_tmp__add_field_projectcache_proje.py
karaage/legacy/cache/south_migrations/0011_auto__add_unique_projectcache_date_start_machine_category_end_project_.py
karaage/legacy/cache/south_migrations/0012_auto__add_machinecategorycache__add_unique_machinecategorycache_date_s.py
karaage/legacy/cache/south_migrations/0013_auto__del_field_machinecache_cpu_hours__add_field_machinecache_cpu_tim.py
karaage/legacy/cache/south_migrations/0014_auto__add_taskcacheforproject__add_unique_taskcacheforproject_date_sta.py
karaage/legacy/cache/south_migrations/0015_auto__del_taskmachinecategorycache__del_unique_taskmachinecategorycach.py
karaage/legacy/cache/south_migrations/__init__.py
karaage/legacy/common/__init__.py
karaage/legacy/common/models.py
karaage/legacy/common/south_migrations/0001_initial.py
karaage/legacy/common/south_migrations/0002_move_comments.py
karaage/legacy/common/south_migrations/0003_remove_old_tables.py
karaage/legacy/common/south_migrations/0004_auto__add_logentry.py
karaage/legacy/common/south_migrations/0005_move_comments.py
karaage/legacy/common/south_migrations/0006_auto__del_comment.py
karaage/legacy/common/south_migrations/0007_fix_project_logs.py
karaage/legacy/common/south_migrations/__init__.py
karaage/legacy/emails/__init__.py
karaage/legacy/emails/models.py
karaage/legacy/emails/south_migrations/0001_initial.py
karaage/legacy/emails/south_migrations/0002_auto__del_emailtemplate.py
karaage/legacy/emails/south_migrations/__init__.py
karaage/legacy/institutes/__init__.py
karaage/legacy/institutes/models.py
karaage/legacy/institutes/south_migrations/0001_initial.py
karaage/legacy/institutes/south_migrations/0002_move_instutute_models_to_institutes_app.py
karaage/legacy/institutes/south_migrations/0003_auto__add_field_institute_group.py
karaage/legacy/institutes/south_migrations/0004_migrate_groups.py
karaage/legacy/institutes/south_migrations/0005_auto__del_field_institute_gid.py
karaage/legacy/institutes/south_migrations/0006_auto__chg_field_institutechunk_institute.py
karaage/legacy/institutes/south_migrations/0007_institutechunk_rename.py
karaage/legacy/institutes/south_migrations/0008_auto__chg_field_institute_name.py
karaage/legacy/institutes/south_migrations/__init__.py
karaage/legacy/machines/__init__.py
karaage/legacy/machines/models.py
karaage/legacy/machines/south_migrations/0001_initial.py
karaage/legacy/machines/south_migrations/0002_auto__add_field_machine_scaling_factor.py
karaage/legacy/machines/south_migrations/0003_auto__add_field_machinecategory_datastore.py
karaage/legacy/machines/south_migrations/0004_datastores.py
karaage/legacy/machines/south_migrations/0005_auto__add_field_useraccount_shell.py
karaage/legacy/machines/south_migrations/0006_set_shell.py
karaage/legacy/machines/south_migrations/0007_auto__del_field_useraccount_previous_shell.py
karaage/legacy/machines/south_migrations/0008_auto__add_field_useraccount_login_enabled.py
karaage/legacy/machines/south_migrations/0009_set_login_enabled.py
karaage/legacy/machines/south_migrations/0010_update_datastores.py
karaage/legacy/machines/south_migrations/0011_rename_user_to_person.py
karaage/legacy/machines/south_migrations/0012_rename_useraccount_to_account.py
karaage/legacy/machines/south_migrations/0013_nop.py
karaage/legacy/machines/south_migrations/0014_auto__add_field_account_default_project_tmp.py
karaage/legacy/machines/south_migrations/0015_move_projects.py
karaage/legacy/machines/south_migrations/0016_auto__del_field_account_default_project.py
karaage/legacy/machines/south_migrations/0017_auto__del_field_account_default_project_tmp__add_field_account_default.py
karaage/legacy/machines/south_migrations/0018_auto__add_field_machine_password__add_field_machine_last_login.py
karaage/legacy/machines/south_migrations/0019_auto__add_unique_machine_name__add_unique_machinecategory_name.py
karaage/legacy/machines/south_migrations/0020_auto__add_field_account_foreign_id__add_field_account_extra_data.py
karaage/legacy/machines/south_migrations/0021_auto__chg_field_account_username.py
karaage/legacy/machines/south_migrations/__init__.py
karaage/legacy/pbsmoab/__init__.py
karaage/legacy/pbsmoab/models.py
karaage/legacy/pbsmoab/south_migrations/0001_initial.py
karaage/legacy/pbsmoab/south_migrations/__init__.py
karaage/legacy/people/__init__.py
karaage/legacy/people/models.py
karaage/legacy/people/south_migrations/0001_initial.py
karaage/legacy/people/south_migrations/0002_auto__add_field_institute_is_active.py
karaage/legacy/people/south_migrations/0003_auto__chg_field_person_country.py
karaage/legacy/people/south_migrations/0004_auto__add_field_person_is_systemuser.py
karaage/legacy/people/south_migrations/0005_auto__add_field_institute_saml_entityid__add_field_person_saml_id.py
karaage/legacy/people/south_migrations/0006_auto__add_unique_institute_name__add_unique_institute_saml_entityid__a.py
karaage/legacy/people/south_migrations/0007_auto__add_institutedelegate.py
karaage/legacy/people/south_migrations/0008_delegates.py
karaage/legacy/people/south_migrations/0009_auto__del_field_institute_delegate__del_field_institute_active_delegat.py
karaage/legacy/people/south_migrations/0010_auto__add_field_person_login_enabled.py
karaage/legacy/people/south_migrations/0011_set_login_enabled.py
karaage/legacy/people/south_migrations/0012_move_instutute_models_to_institutes_app.py
karaage/legacy/people/south_migrations/0013_auto__add_group.py
karaage/legacy/people/south_migrations/0014_create_upgrade_group.py
karaage/legacy/people/south_migrations/0015_set_counters.py
karaage/legacy/people/south_migrations/0016_auto__add_field_person_legacy_ldap_password.py
karaage/legacy/people/south_migrations/0017_remove_ldap_people.py
karaage/legacy/people/south_migrations/0018_add_fields_person.py
karaage/legacy/people/south_migrations/0019_move_users_to_persons.py
karaage/legacy/people/south_migrations/0020_fix_fields_person.py
karaage/legacy/people/south_migrations/0021_remove_old_tables.py
karaage/legacy/people/south_migrations/0022_auto__add_field_group_foreign_id__add_field_group_extra_data__add_uniq.py
karaage/legacy/people/south_migrations/0023_auto__chg_field_group_name.py
karaage/legacy/people/south_migrations/0024_auto__chg_field_person_username.py
karaage/legacy/people/south_migrations/__init__.py
karaage/legacy/projects/__init__.py
karaage/legacy/projects/models.py
karaage/legacy/projects/south_migrations/0001_initial.py
karaage/legacy/projects/south_migrations/0002_auto.py
karaage/legacy/projects/south_migrations/0003_multi_leaders.py
karaage/legacy/projects/south_migrations/0004_auto__del_field_project_leader.py
karaage/legacy/projects/south_migrations/0005_auto__del_field_project_is_expertise.py
karaage/legacy/projects/south_migrations/0006_auto__add_field_project_group__chg_field_project_institute.py
karaage/legacy/projects/south_migrations/0007_migrate_groups.py
karaage/legacy/projects/south_migrations/0008_auto.py
karaage/legacy/projects/south_migrations/0009_auto__del_field_project_machine_category.py
karaage/legacy/projects/south_migrations/0010_auto.py
karaage/legacy/projects/south_migrations/0011_projectchunk_rename.py
karaage/legacy/projects/south_migrations/0012_auto__add_unique_projectquota_project_machine_category.py
karaage/legacy/projects/south_migrations/0013_auto__add_projecttmp__add_field_projectquota_project_tmp.py
karaage/legacy/projects/south_migrations/0014_move_projects.py
karaage/legacy/projects/south_migrations/0015_auto__del_project__del_field_projectquota_project__chg_field_projectqu.py
karaage/legacy/projects/south_migrations/0016_rename_project.py
karaage/legacy/projects/south_migrations/0017_auto__add_unique_project_pid.py
karaage/legacy/projects/south_migrations/0018_auto__chg_field_project_pid.py
karaage/legacy/projects/south_migrations/__init__.py
karaage/legacy/software/__init__.py
karaage/legacy/software/models.py
karaage/legacy/software/south_migrations/0001_initial.py
karaage/legacy/software/south_migrations/0002_auto__add_softwareaccessrequest__add_field_softwarepackage_restricted.py
karaage/legacy/software/south_migrations/0003_auto__add_field_softwareversion_last_used.py
karaage/legacy/software/south_migrations/0004_auto__chg_field_softwarepackage_category.py
karaage/legacy/software/south_migrations/0005_auto__add_unique_softwarepackage_name.py
karaage/legacy/software/south_migrations/0006_auto__add_field_softwarepackage_group.py
karaage/legacy/software/south_migrations/0007_migrate_groups.py
karaage/legacy/software/south_migrations/0008_auto__del_field_software_gid.py
karaage/legacy/software/south_migrations/0009_nop.py
karaage/legacy/software/south_migrations/0010_update_software.py
karaage/legacy/software/south_migrations/0011_auto__del_softwareaccessrequest.py
karaage/legacy/software/south_migrations/0012_renamed_package_to_software.py
karaage/legacy/software/south_migrations/0013_rename_user_to_person.py
karaage/legacy/software/south_migrations/__init__.py
karaage/legacy/usage/__init__.py
karaage/legacy/usage/models.py
karaage/legacy/usage/south_migrations/0001_initial.py
karaage/legacy/usage/south_migrations/0002_auto__chg_field_cpujob_cpu_usage__chg_field_cpujob_exit_status__chg_fi.py
karaage/legacy/usage/south_migrations/0003_remove_unknown.py
karaage/legacy/usage/south_migrations/0004_auto__add_usedmodules.py
karaage/legacy/usage/south_migrations/0005_auto.py
karaage/legacy/usage/south_migrations/0006_auto__chg_field_cpujob_jobname.py
karaage/legacy/usage/south_migrations/0007_rename_user_to_account.py
karaage/legacy/usage/south_migrations/0008_auto__add_field_cpujob_project_tmp.py
karaage/legacy/usage/south_migrations/0009_move_projects.py
karaage/legacy/usage/south_migrations/0010_auto__del_field_cpujob_project.py
karaage/legacy/usage/south_migrations/0011_auto__del_field_cpujob_project_tmp__add_field_cpujob_project.py
karaage/legacy/usage/south_migrations/0012_auto__add_institutecache__add_unique_institutecache_date_start_end_ins.py
karaage/legacy/usage/south_migrations/0013_auto__del_taskcacheforproject__del_unique_taskcacheforproject_date_sta.py
karaage/legacy/usage/south_migrations/__init__.py
karaage/machines/__init__.py
karaage/machines/forms.py
karaage/machines/management.py
karaage/machines/managers.py
karaage/machines/models.py
karaage/machines/tables.py
karaage/machines/xmlrpc.py
karaage/machines/sql/machinecategory.sql
karaage/machines/urls/__init__.py
karaage/machines/urls/accounts.py
karaage/machines/urls/machines.py
karaage/machines/views/__init__.py
karaage/machines/views/accounts.py
karaage/machines/views/machines.py
karaage/management/__init__.py
karaage/management/commands/__init__.py
karaage/management/commands/change_pid.py
karaage/management/commands/change_username.py
karaage/management/commands/changepassword.py
karaage/management/commands/daily_cleanup.py
karaage/management/commands/import_csv_users.py
karaage/management/commands/kgcreatesuperuser.py
karaage/management/commands/lock_expired.py
karaage/management/commands/lock_training_accounts.py
karaage/management/commands/migrate_ldap.py
karaage/management/commands/unlock_training_accounts.py
karaage/middleware/__init__.py
karaage/middleware/saml.py
karaage/middleware/threadlocals.py
karaage/migrations/0001_initial.py
karaage/migrations/0002_auto_20140924_1111.py
karaage/migrations/0003_auto_20150410_1032.py
karaage/migrations/0004_auto_20160429_0927.py
karaage/migrations/__init__.py
karaage/people/__init__.py
karaage/people/emails.py
karaage/people/forms.py
karaage/people/lookups.py
karaage/people/managers.py
karaage/people/models.py
karaage/people/tables.py
karaage/people/utils.py
karaage/people/urls/__init__.py
karaage/people/urls/group_detail.py
karaage/people/urls/groups.py
karaage/people/urls/person_detail.py
karaage/people/urls/persons.py
karaage/people/views/__init__.py
karaage/people/views/groups.py
karaage/people/views/persons.py
karaage/people/views/profile.py
karaage/plugins/__init__.py
karaage/plugins/kgapplications/__init__.py
karaage/plugins/kgapplications/emails.py
karaage/plugins/kgapplications/forms.py
karaage/plugins/kgapplications/models.py
karaage/plugins/kgapplications/signals.py
karaage/plugins/kgapplications/tables.py
karaage/plugins/kgapplications/urls.py
karaage/plugins/kgapplications/conf/__init__.py
karaage/plugins/kgapplications/conf/settings.py
karaage/plugins/kgapplications/fixtures/test_kgapplications.json
karaage/plugins/kgapplications/management/__init__.py
karaage/plugins/kgapplications/management/commands/__init__.py
karaage/plugins/kgapplications/management/commands/application_cleanup.py
karaage/plugins/kgapplications/migrations/0001_initial.py
karaage/plugins/kgapplications/migrations/0002_auto_20161007_1821.py
karaage/plugins/kgapplications/migrations/__init__.py
karaage/plugins/kgapplications/south_migrations/0001_initial.py
karaage/plugins/kgapplications/south_migrations/__init__.py
karaage/plugins/kgapplications/templates/kgapplications/applicant_form.html
karaage/plugins/kgapplications/templates/kgapplications/application_list.html
karaage/plugins/kgapplications/templates/kgapplications/common_actions.html
karaage/plugins/kgapplications/templates/kgapplications/common_approve.html
karaage/plugins/kgapplications/templates/kgapplications/common_decline.html
karaage/plugins/kgapplications/templates/kgapplications/common_declined.html
karaage/plugins/kgapplications/templates/kgapplications/common_detail.html
karaage/plugins/kgapplications/templates/kgapplications/common_expired.html
karaage/plugins/kgapplications/templates/kgapplications/common_password.html
karaage/plugins/kgapplications/templates/kgapplications/index_top.html
karaage/plugins/kgapplications/templates/kgapplications/main_admin.html
karaage/plugins/kgapplications/templates/kgapplications/main_profile.html
karaage/plugins/kgapplications/templates/kgapplications/profile_account_detail_tools.html
karaage/plugins/kgapplications/templates/kgapplications/profile_applications.html
karaage/plugins/kgapplications/templates/kgapplications/profile_personal_detail_tools.html
karaage/plugins/kgapplications/templates/kgapplications/profile_project_detail_tools.html
karaage/plugins/kgapplications/templates/kgapplications/project_aed_applicant.html
karaage/plugins/kgapplications/templates/kgapplications/project_aed_for_leader.html
karaage/plugins/kgapplications/templates/kgapplications/project_aed_introduction.html
karaage/plugins/kgapplications/templates/kgapplications/project_aed_project.html
karaage/plugins/kgapplications/templates/kgapplications/project_aed_shibboleth.html
karaage/plugins/kgapplications/templates/kgapplications/project_aed_steal.html
karaage/plugins/kgapplications/templates/kgapplications/project_common_disabled.html
karaage/plugins/kgapplications/templates/kgapplications/project_common_invite_authenticated.html
karaage/plugins/kgapplications/templates/kgapplications/project_common_invite_existing.html
karaage/plugins/kgapplications/templates/kgapplications/project_common_invite_other.html
karaage/plugins/kgapplications/templates/kgapplications/project_common_invite_unauthenticated.html
karaage/plugins/kgapplications/templates/kgapplications/project_common_request.html
karaage/plugins/kgapplications/templates/kgapplications/project_common_state.html
karaage/plugins/kgapplications/templates/kgapplications/project_detail_tools.html
karaage/plugins/kgapplications/templates/kgapplications/project_duplicate_applicant.html
karaage/plugins/kgapplications/templates/kgapplications/emails/common_approved_body.txt
karaage/plugins/kgapplications/templates/kgapplications/emails/common_approved_subject.txt
karaage/plugins/kgapplications/templates/kgapplications/emails/common_declined_body.txt
karaage/plugins/kgapplications/templates/kgapplications/emails/common_declined_subject.txt
karaage/plugins/kgapplications/templates/kgapplications/emails/common_invite_body.txt
karaage/plugins/kgapplications/templates/kgapplications/emails/common_invite_subject.txt
karaage/plugins/kgapplications/templates/kgapplications/emails/common_request_body.txt
karaage/plugins/kgapplications/templates/kgapplications/emails/common_request_subject.txt
karaage/plugins/kgapplications/templates/kgapplications/emails/project_duplicate_applicant_body.txt
karaage/plugins/kgapplications/templates/kgapplications/emails/project_duplicate_applicant_subject.txt
karaage/plugins/kgapplications/templatetags/__init__.py
karaage/plugins/kgapplications/templatetags/applications.py
karaage/plugins/kgapplications/tests/__init__.py
karaage/plugins/kgapplications/tests/fixtures.py
karaage/plugins/kgapplications/tests/settings.py
karaage/plugins/kgapplications/tests/test_all_pages.py
karaage/plugins/kgapplications/tests/test_applications.py
karaage/plugins/kgapplications/tests/test_commands.py
karaage/plugins/kgapplications/views/__init__.py
karaage/plugins/kgapplications/views/base.py
karaage/plugins/kgapplications/views/common.py
karaage/plugins/kgapplications/views/project.py
karaage/plugins/kgapplications/views/states.py
karaage/plugins/kgsoftware/__init__.py
karaage/plugins/kgsoftware/forms.py
karaage/plugins/kgsoftware/models.py
karaage/plugins/kgsoftware/tables.py
karaage/plugins/kgsoftware/urls.py
karaage/plugins/kgsoftware/views.py
karaage/plugins/kgsoftware/applications/__init__.py
karaage/plugins/kgsoftware/applications/forms.py
karaage/plugins/kgsoftware/applications/models.py
karaage/plugins/kgsoftware/applications/urls.py
karaage/plugins/kgsoftware/applications/views.py
karaage/plugins/kgsoftware/applications/migrations/0001_initial.py
karaage/plugins/kgsoftware/applications/migrations/__init__.py
karaage/plugins/kgsoftware/applications/templates/kgapplications/software_common_request.html
karaage/plugins/kgsoftware/applications/templates/kgapplications/software_common_state.html
karaage/plugins/kgsoftware/applications/templates/kgapplications/software_introduction.html
karaage/plugins/kgsoftware/applications/tests/__init__.py
karaage/plugins/kgsoftware/applications/tests/settings.py
karaage/plugins/kgsoftware/applications/tests/test_applications.py
karaage/plugins/kgsoftware/conf/__init__.py
karaage/plugins/kgsoftware/conf/settings.py
karaage/plugins/kgsoftware/fixtures/test_kgsoftware.json
karaage/plugins/kgsoftware/migrations/0001_initial.py
karaage/plugins/kgsoftware/migrations/0002_auto_20141216_1507.py
karaage/plugins/kgsoftware/migrations/0003_auto_20150205_1544.py
karaage/plugins/kgsoftware/migrations/__init__.py
karaage/plugins/kgsoftware/south_migrations/0001_initial.py
karaage/plugins/kgsoftware/south_migrations/__init__.py
karaage/plugins/kgsoftware/templates/kgsoftware/add_package_form.html
karaage/plugins/kgsoftware/templates/kgsoftware/add_package_list.html
karaage/plugins/kgsoftware/templates/kgsoftware/category_list.html
karaage/plugins/kgsoftware/templates/kgsoftware/license_detail.html
karaage/plugins/kgsoftware/templates/kgsoftware/license_form.html
karaage/plugins/kgsoftware/templates/kgsoftware/main_admin.html
karaage/plugins/kgsoftware/templates/kgsoftware/main_profile.html
karaage/plugins/kgsoftware/templates/kgsoftware/person_confirm_remove.html
karaage/plugins/kgsoftware/templates/kgsoftware/person_detail_extra.html
karaage/plugins/kgsoftware/templates/kgsoftware/profile_software.html
karaage/plugins/kgsoftware/templates/kgsoftware/software_confirm_delete.html
karaage/plugins/kgsoftware/templates/kgsoftware/software_detail.html
karaage/plugins/kgsoftware/templates/kgsoftware/software_form.html
karaage/plugins/kgsoftware/templates/kgsoftware/software_list.html
karaage/plugins/kgsoftware/templates/kgsoftware/softwarecategory_form.html
karaage/plugins/kgsoftware/templates/kgsoftware/softwarelicense_confirm_delete.html
karaage/plugins/kgsoftware/templates/kgsoftware/version_confirm_delete.html
karaage/plugins/kgsoftware/templates/kgsoftware/version_form.html
karaage/plugins/kgsoftware/templatetags/__init__.py
karaage/plugins/kgsoftware/templatetags/software.py
karaage/plugins/kgsoftware/tests/__init__.py
karaage/plugins/kgsoftware/tests/fixtures.py
karaage/plugins/kgsoftware/tests/settings.py
karaage/plugins/kgsoftware/tests/test_all_pages.py
karaage/plugins/kgsoftware/tests/test_software.py
karaage/plugins/kgusage/__init__.py
karaage/plugins/kgusage/alogger.py
karaage/plugins/kgusage/dirs.py
karaage/plugins/kgusage/forms.py
karaage/plugins/kgusage/graphs.py
karaage/plugins/kgusage/hooks.py
karaage/plugins/kgusage/models.py
karaage/plugins/kgusage/signals.py
karaage/plugins/kgusage/tables.py
karaage/plugins/kgusage/tasks.py
karaage/plugins/kgusage/urls.py
karaage/plugins/kgusage/usage.py
karaage/plugins/kgusage/views.py
karaage/plugins/kgusage/xmlrpc.py
karaage/plugins/kgusage/conf/__init__.py
karaage/plugins/kgusage/conf/settings.py
karaage/plugins/kgusage/fixtures/test_kgusage.json
karaage/plugins/kgusage/management/__init__.py
karaage/plugins/kgusage/management/commands/__init__.py
karaage/plugins/kgusage/management/commands/clear_usage_cache.py
karaage/plugins/kgusage/management/commands/clear_usage_graphs.py
karaage/plugins/kgusage/management/commands/link_software.py
karaage/plugins/kgusage/migrations/0001_initial.py
karaage/plugins/kgusage/migrations/0002_auto_20170831_1735.py
karaage/plugins/kgusage/migrations/__init__.py
karaage/plugins/kgusage/south_migrations/0001_initial.py
karaage/plugins/kgusage/south_migrations/__init__.py
karaage/plugins/kgusage/templates/kgusage/account_detail_extra.html
karaage/plugins/kgusage/templates/kgusage/account_detail_tools.html
karaage/plugins/kgusage/templates/kgusage/core_report.html
karaage/plugins/kgusage/templates/kgusage/failed.html
karaage/plugins/kgusage/templates/kgusage/institute_trends.html
karaage/plugins/kgusage/templates/kgusage/institute_users.html
karaage/plugins/kgusage/templates/kgusage/job_detail.html
karaage/plugins/kgusage/templates/kgusage/job_list.html
karaage/plugins/kgusage/templates/kgusage/machine_detail_extra.html
karaage/plugins/kgusage/templates/kgusage/machinecategory_detail_extra.html
karaage/plugins/kgusage/templates/kgusage/main_admin.html
karaage/plugins/kgusage/templates/kgusage/mc_list.html
karaage/plugins/kgusage/templates/kgusage/mem_report.html
karaage/plugins/kgusage/templates/kgusage/misc.html
karaage/plugins/kgusage/templates/kgusage/person_detail_extra.html
karaage/plugins/kgusage/templates/kgusage/profile_personal_detail_extra.html
karaage/plugins/kgusage/templates/kgusage/progress.html
karaage/plugins/kgusage/templates/kgusage/project_detail_extra.html
karaage/plugins/kgusage/templates/kgusage/project_usage.html
karaage/plugins/kgusage/templates/kgusage/search.html
karaage/plugins/kgusage/templates/kgusage/software_detail_extra.html
karaage/plugins/kgusage/templates/kgusage/software_detail_tools.html
karaage/plugins/kgusage/templates/kgusage/software_stats.html
karaage/plugins/kgusage/templates/kgusage/top_users.html
karaage/plugins/kgusage/templates/kgusage/usage_institute_detail.html
karaage/plugins/kgusage/templates/kgusage/usage_institute_list.html
karaage/plugins/kgusage/templates/kgusage/version_stats.html
karaage/plugins/kgusage/templatetags/__init__.py
karaage/plugins/kgusage/templatetags/usage.py
karaage/plugins/kgusage/tests/__init__.py
karaage/plugins/kgusage/tests/settings.py
karaage/plugins/kgusage/tests/test_all_pages.py
karaage/plugins/kgusage/tests/test_commands.py
karaage/plugins/kgusage/tests/test_jobs.py
karaage/plugins/kgusage/tests/test_xmlrpc.py
karaage/projects/__init__.py
karaage/projects/forms.py
karaage/projects/lookups.py
karaage/projects/managers.py
karaage/projects/models.py
karaage/projects/tables.py
karaage/projects/urls.py
karaage/projects/utils.py
karaage/projects/views.py
karaage/projects/xmlrpc.py
karaage/south_migrations/0001_initial.py
karaage/south_migrations/0002_fix_content_types.py
karaage/south_migrations/0003_delete_dangling_logentry.py
karaage/south_migrations/0004_auto__chg_field_logentry_content_type.py
karaage/south_migrations/__init__.py
karaage/static/css/base.css
karaage/static/css/forms.css
karaage/static/css/jquery-ui.css
karaage/static/css/login.css
karaage/static/css/widgets.css
karaage/static/css/images/animated-overlay.gif
karaage/static/css/images/ui-bg_diagonals-thick_18_b81900_40x40.png
karaage/static/css/images/ui-bg_diagonals-thick_20_666666_40x40.png
karaage/static/css/images/ui-bg_flat_10_000000_40x100.png
karaage/static/css/images/ui-bg_glass_100_f6f6f6_1x400.png
karaage/static/css/images/ui-bg_glass_100_fdf5ce_1x400.png
karaage/static/css/images/ui-bg_glass_65_ffffff_1x400.png
karaage/static/css/images/ui-bg_gloss-wave_35_f6a828_500x100.png
karaage/static/css/images/ui-bg_highlight-soft_100_eeeeee_1x100.png
karaage/static/css/images/ui-bg_highlight-soft_75_ffe45c_1x100.png
karaage/static/css/images/ui-icons_222222_256x240.png
karaage/static/css/images/ui-icons_228ef1_256x240.png
karaage/static/css/images/ui-icons_ef8c08_256x240.png
karaage/static/css/images/ui-icons_ffd27a_256x240.png
karaage/static/css/images/ui-icons_ffffff_256x240.png
karaage/static/img/animated-overlay.gif
karaage/static/img/arrow-active-down.png
karaage/static/img/arrow-active-up.png
karaage/static/img/changelist-bg_rtl.gif
karaage/static/img/chooser-bg.gif
karaage/static/img/chooser_stacked-bg.gif
karaage/static/img/default-bg-reverse.gif
karaage/static/img/default-bg.gif
karaage/static/img/deleted-overlay.gif
karaage/static/img/icon-no.gif
karaage/static/img/icon-yes.gif
karaage/static/img/icon_addlink.gif
karaage/static/img/icon_alert.gif
karaage/static/img/icon_calendar.gif
karaage/static/img/icon_changelink.gif
karaage/static/img/icon_clock.gif
karaage/static/img/icon_deletelink.gif
karaage/static/img/icon_error.gif
karaage/static/img/icon_searchbox.png
karaage/static/img/icon_success.gif
karaage/static/img/inline-delete-8bit.png
karaage/static/img/inline-delete.png
karaage/static/img/inline-restore-8bit.png
karaage/static/img/inline-restore.png
karaage/static/img/inline-splitter-bg.gif
karaage/static/img/lock.png
karaage/static/img/nav-bg-grabber.gif
karaage/static/img/nav-bg-reverse.gif
karaage/static/img/nav-bg-selected.gif
karaage/static/img/nav-bg.gif
karaage/static/img/selector-icons.gif
karaage/static/img/unlock.png
karaage/static/js/jcookie.js
karaage/static/js/jquery-1.11.2.js
karaage/static/js/jquery-ui-1.11.4.js
karaage/static/js/karaage.js
karaage/templates/404.html
karaage/templates/500.html
karaage/templates/autocompleteselect.html
karaage/templates/autocompleteselectmultiple.html
karaage/templates/base.html
karaage/templates/base_site.html
karaage/templates/forms.html
karaage/templates/main.html
karaage/templates/saml_error.html
karaage/templates/xmlrpc_get.html
karaage/templates/django_tables2/table.html
karaage/templates/formfield/autocompleteselectwidget.html
karaage/templates/formfield/checkboxinput.html
karaage/templates/formfield/default.html
karaage/templates/karaage/common/add_comment.html
karaage/templates/karaage/common/aup_detail.html
karaage/templates/karaage/common/comments.html
karaage/templates/karaage/common/form_as_div.html
karaage/templates/karaage/common/index.html
karaage/templates/karaage/common/inlineformfield.html
karaage/templates/karaage/common/log_list.html
karaage/templates/karaage/common/misc_detail.html
karaage/templates/karaage/common/profile.html
karaage/templates/karaage/common/profile_base.html
karaage/templates/karaage/common/profile_password.html
karaage/templates/karaage/common/profile_password_request.html
karaage/templates/karaage/common/profile_password_request_done.html
karaage/templates/karaage/common/search_form.html
karaage/templates/karaage/common/site_search.html
karaage/templates/karaage/emails/email_footer.txt
karaage/templates/karaage/emails/send_email_form.html
karaage/templates/karaage/institutes/institute_detail.html
karaage/templates/karaage/institutes/institute_form.html
karaage/templates/karaage/institutes/institute_list.html
karaage/templates/karaage/institutes/institute_verbose.html
karaage/templates/karaage/institutes/institutequota_delete_form.html
karaage/templates/karaage/institutes/institutequota_form.html
karaage/templates/karaage/institutes/profile_institutes.html
karaage/templates/karaage/machines/account_confirm_delete.html
karaage/templates/karaage/machines/account_detail.html
karaage/templates/karaage/machines/account_form.html
karaage/templates/karaage/machines/machine_detail.html
karaage/templates/karaage/machines/machine_form.html
karaage/templates/karaage/machines/machine_password.html
karaage/templates/karaage/machines/machinecategory_accounts.html
karaage/templates/karaage/machines/machinecategory_detail.html
karaage/templates/karaage/machines/machinecategory_form.html
karaage/templates/karaage/machines/machinecategory_list.html
karaage/templates/karaage/machines/machinecategory_projects.html
karaage/templates/karaage/machines/person_add_project.html
karaage/templates/karaage/machines/profile_accounts.html
karaage/templates/karaage/people/group_add_member.html
karaage/templates/karaage/people/group_confirm_delete.html
karaage/templates/karaage/people/group_detail.html
karaage/templates/karaage/people/group_form.html
karaage/templates/karaage/people/group_list.html
karaage/templates/karaage/people/group_remove_member.html
karaage/templates/karaage/people/group_verbose.html
karaage/templates/karaage/people/person_bounced_email.html
karaage/templates/karaage/people/person_confirm_delete.html
karaage/templates/karaage/people/person_confirm_lock.html
karaage/templates/karaage/people/person_confirm_unlock.html
karaage/templates/karaage/people/person_detail.html
karaage/templates/karaage/people/person_form.html
karaage/templates/karaage/people/person_list.html
karaage/templates/karaage/people/person_password.html
karaage/templates/karaage/people/person_password_request.html
karaage/templates/karaage/people/person_password_request_done.html
karaage/templates/karaage/people/person_reactivate.html
karaage/templates/karaage/people/person_reset_complete.html
karaage/templates/karaage/people/person_reset_confirm.html
karaage/templates/karaage/people/person_verbose.html
karaage/templates/karaage/people/profile_edit.html
karaage/templates/karaage/people/profile_login.html
karaage/templates/karaage/people/profile_login_saml.html
karaage/templates/karaage/people/profile_personal.html
karaage/templates/karaage/people/profile_saml.html
karaage/templates/karaage/people/emails/bounced_email_body.txt
karaage/templates/karaage/people/emails/bounced_email_subject.txt
karaage/templates/karaage/people/emails/confirm_password_body.txt
karaage/templates/karaage/people/emails/confirm_password_subject.txt
karaage/templates/karaage/people/emails/reset_password_body.txt
karaage/templates/karaage/people/emails/reset_password_subject.txt
karaage/templates/karaage/projects/grant_leader.html
karaage/templates/karaage/projects/profile_projects.html
karaage/templates/karaage/projects/project_confirm_delete.html
karaage/templates/karaage/projects/project_confirm_undelete.html
karaage/templates/karaage/projects/project_detail.html
karaage/templates/karaage/projects/project_form.html
karaage/templates/karaage/projects/project_list.html
karaage/templates/karaage/projects/project_verbose.html
karaage/templates/karaage/projects/projectquota_delete_form.html
karaage/templates/karaage/projects/projectquota_form.html
karaage/templates/karaage/projects/remove_user_confirm.html
karaage/templates/karaage/projects/revoke_leader.html
karaage/templatetags/__init__.py
karaage/templatetags/filters.py
karaage/templatetags/forms.py
karaage/templatetags/karaage_tags.py
karaage/templatetags/machines.py
karaage/templatetags/pipeline.py
karaage/tests/__init__.py
karaage/tests/client.py
karaage/tests/defaults.py
karaage/tests/fixtures.py
karaage/tests/initial_ldap_data.py
karaage/tests/integration.py
karaage/tests/settings.py
karaage/tests/test_all_pages.py
karaage/tests/test_commands.py
karaage/tests/test_people.py
karaage/tests/test_xmlrpc.py
karaage/tests/unit.py
karaage/tests/common/__init__.py
karaage/tests/common/test_forms.py
karaage/tests/datastores/__init__.py
karaage/tests/datastores/test_ldap_schemas.py
karaage/tests/institutes/__init__.py
karaage/tests/institutes/test_models.py
karaage/tests/machines/__init__.py
karaage/tests/machines/test_forms.py
karaage/tests/machines/test_models.py
karaage/tests/machines/test_views.py
karaage/tests/people/__init__.py
karaage/tests/people/test_forms.py
karaage/tests/people/test_models.py
karaage/tests/projects/__init__.py
karaage/tests/projects/test_forms.py
karaage/tests/projects/test_models.py
karaage/tests/projects/test_projects.py
requirements/base.txt
requirements/docker.txt
requirements/docs.txt
requirements/tests.txt
requirements/usage.txt
sbin/kg-manage
sbin/kg-migrate-south
sbin/kg_set_secret_key
scripts/build.sh
scripts/cleanup.sh
scripts/copyright.sh
scripts/docker.sh
scripts/start.sh
scripts/test.sh